cidade,energia_mwh,emissao_co2_t,reciclagem_pct,populacao,investimento_social,energia_per_capita,emissao_per_capita,emissao_norm,investimento_norm,indice_esg,classificacao
Curitiba,20000,15000,35,1963726,12000000,0.01018472027156538,0.007638540203674036,0.6054510659837473,0.12244897959183673,14.218370013672676,Excelente
São Paulo,95000,88000,22,12330000,98000000,0.007704785077047851,0.0071370640713706406,0.6313535117599351,1.0,9.289406053527982,Excelente
Florianópolis,15000,10000,42,516524,8000000,0.029040276928080786,0.019360184618720525,0.0,0.08163265306122448,16.824489795918367,Excelente
Rio de Janeiro,85000,76000,18,6748000,75000000,0.012596324836988738,0.011262596324836989,0.41825986959098993,0.7653061224489796,7.555069797611991,Excelente
Porto Alegre,30000,25000,30,1484941,15000000,0.020202822873097315,0.016835685727581096,0.1303964265246903,0.15306122448979592,12.085037295304346,Excelente
